id,y
4000,0.99
4001,0.98
4002,0.03
4003,0.07
4004,0.97
4005,0.0
4006,0.98
4007,0.07
4008,0.97
4009,0.15
4010,0.98
4011,0.98
4012,0.01
4013,1.0
4014,0.99
4015,0.92
4016,0.96
4017,0.0
4018,1.0
4019,0.0
4020,0.98
4021,0.94
4022,0.96
4023,0.2
4024,0.01
4025,0.06
4026,0.97
4027,0.01
4028,0.98
4029,0.96
4030,0.99
4031,0.05
4032,0.94
4033,0.0
4034,0.98
4035,0.0
4036,0.07
4037,0.07
4038,0.1
4039,0.0
4040,0.1
4041,0.0
4042,0.0
4043,0.07
4044,0.97
4045,0.98
4046,0.97
4047,0.93
4048,0.02
4049,1.0
4050,0.99
4051,0.01
4052,0.99
4053,0.01
4054,0.02
4055,0.01
4056,1.0
4057,0.16
4058,0.0
4059,0.96
4060,0.99
4061,0.04
4062,0.98
4063,0.98
4064,0.03
4065,0.98
4066,0.98
4067,0.99
4068,0.89
4069,0.0
4070,0.9
4071,0.01
4072,0.98
4073,0.97
4074,0.95
4075,0.96
4076,0.0
4077,0.06
4078,0.95
4079,0.01
4080,0.92
4081,0.96
4082,0.02
4083,0.94
4084,0.08
4085,0.01
4086,0.93
4087,0.92
4088,0.05
4089,0.98
4090,0.97
4091,0.92
4092,0.96
4093,0.96
4094,0.12
4095,0.0
4096,0.99
4097,0.91
4098,0.99
4099,0.01
4100,0.02
4101,0.96
4102,1.0
4103,0.99
4104,0.0
4105,0.0
4106,0.0
4107,0.89
4108,0.88
4109,0.04
4110,0.98
4111,0.0
4112,0.11
4113,0.96
4114,0.94
4115,0.0
4116,0.01
4117,0.06
4118,0.9
4119,0.13
4120,0.0
4121,1.0
4122,0.94
4123,0.96
4124,0.96
4125,0.09
4126,0.97
4127,0.99
4128,0.98
4129,0.0
4130,0.0
4131,0.94
4132,0.96
4133,0.01
4134,0.0
4135,0.04
4136,0.95
4137,0.9
4138,0.07
4139,0.96
4140,0.04
4141,0.98
4142,0.01
4143,0.93
4144,0.95
4145,0.13
4146,0.01
4147,0.03
4148,0.97
4149,0.98
4150,0.02
4151,0.01
4152,0.99
4153,0.01
4154,0.96
4155,0.02
4156,0.0
4157,0.0
4158,0.97
4159,0.99
4160,0.96
4161,0.0
4162,0.95
4163,0.24
4164,0.0
4165,0.93
4166,0.0
4167,0.98
4168,1.0
4169,0.14
4170,0.96
4171,0.06
4172,0.01
4173,0.98
4174,0.99
4175,0.95
4176,0.94
4177,0.94
4178,0.99
4179,0.98
4180,1.0
4181,0.11
4182,0.0
4183,0.96
4184,0.93
4185,0.02
4186,0.0
4187,0.01
4188,0.03
4189,0.98
4190,0.04
4191,0.0
4192,0.94
4193,0.94
4194,0.98
4195,0.0
4196,0.0
4197,0.98
4198,0.0
4199,0.0
4200,0.98
4201,0.08
4202,0.95
4203,0.97
4204,0.96
4205,0.97
4206,0.98
4207,0.93
4208,0.01
4209,0.01
4210,0.96
4211,0.96
4212,0.0
4213,0.04
4214,0.98
4215,0.03
4216,0.97
4217,0.97
4218,0.04
4219,0.03
4220,0.38
4221,0.0
4222,0.01
4223,0.0
4224,0.98
4225,0.1
4226,0.01
4227,0.01
4228,0.04
4229,0.0
4230,0.0
4231,0.97
4232,0.04
4233,0.97
4234,0.97
4235,0.99
4236,0.0
4237,0.0
4238,0.01
4239,0.03
4240,0.0
4241,0.03
4242,0.04
4243,0.82
4244,0.01
4245,0.97
4246,0.03
4247,0.02
4248,0.04
4249,0.04
4250,0.04
4251,0.98
4252,0.01
4253,0.02
4254,0.78
4255,0.95
4256,0.0
4257,0.93
4258,0.02
4259,0.94
4260,0.97
4261,0.99
4262,0.96
4263,0.97
4264,0.01
4265,0.95
4266,0.94
4267,0.0
4268,0.06
4269,0.97
4270,0.0
4271,0.99
4272,0.97
4273,0.99
4274,0.02
4275,0.91
4276,0.0
4277,0.99
4278,0.02
4279,0.12
4280,0.95
4281,0.01
4282,0.1
4283,1.0
4284,0.0
4285,0.02
4286,0.06
4287,0.99
4288,0.02
4289,0.98
4290,0.02
4291,1.0
4292,0.97
4293,0.02
4294,0.01
4295,0.0
4296,0.01
4297,0.0
4298,0.92
4299,0.95
4300,0.96
4301,0.98
4302,0.95
4303,0.97
4304,0.92
4305,0.04
4306,0.94
4307,0.05
4308,0.97
4309,0.98
4310,0.97
4311,0.96
4312,0.04
4313,0.12
4314,0.09
4315,1.0
4316,0.95
4317,0.99
4318,0.28
4319,0.99
4320,0.92
4321,0.88
4322,0.01
4323,0.96
4324,0.99
4325,0.0
4326,0.94
4327,0.92
4328,1.0
4329,0.89
4330,0.91
4331,0.04
4332,0.02
4333,0.02
4334,0.0
4335,0.88
4336,0.15
4337,0.98
4338,0.0
4339,0.91
4340,0.01
4341,0.97
4342,0.98
4343,0.94
4344,0.93
4345,0.96
4346,0.01
4347,0.03
4348,0.0
4349,0.94
4350,0.01
4351,0.97
4352,0.99
4353,0.96
4354,0.97
4355,0.0
4356,0.97
4357,0.0
4358,0.16
4359,0.97
4360,0.98
4361,0.97
4362,0.98
4363,0.97
4364,0.09
4365,0.97
4366,0.94
4367,0.0
4368,0.0
4369,0.99
4370,0.97
4371,0.0
4372,0.98
4373,0.97
4374,0.05
4375,0.97
4376,0.01
4377,0.94
4378,0.05
4379,0.05
4380,0.13
4381,0.01
4382,0.94
4383,0.96
4384,0.95
4385,0.02
4386,0.01
4387,0.0
4388,1.0
4389,0.26
4390,0.0
4391,0.02
4392,0.03
4393,0.13
4394,0.95
4395,0.01
4396,0.0
4397,0.97
4398,0.98
4399,0.08
4400,0.01
4401,0.08
4402,0.01
4403,0.96
4404,0.93
4405,0.01
4406,0.97
4407,0.0
4408,0.06
4409,0.96
4410,0.98
4411,0.02
4412,0.96
4413,0.99
4414,0.94
4415,0.94
4416,0.94
4417,0.04
4418,0.0
4419,0.01
4420,0.03
4421,0.0
4422,0.98
4423,0.0
4424,0.0
4425,0.97
4426,0.0
4427,0.95
4428,0.04
4429,0.0
4430,0.96
4431,0.98
4432,0.04
4433,0.08
4434,0.99
4435,0.96
4436,0.09
4437,1.0
4438,0.02
4439,0.97
4440,0.98
4441,0.98
4442,0.05
4443,0.07
4444,0.99
4445,0.22
4446,0.95
4447,0.06
4448,0.01
4449,0.99
4450,0.02
4451,0.0
4452,1.0
4453,0.97
4454,0.94
4455,0.0
4456,0.97
4457,0.97
4458,0.06
4459,0.02
4460,0.98
4461,0.01
4462,0.96
4463,0.01
4464,0.94
4465,0.0
4466,0.02
4467,0.12
4468,0.99
4469,0.05
4470,0.03
4471,0.02
4472,0.95
4473,0.0
4474,0.99
4475,0.0
4476,0.02
4477,0.06
4478,0.07
4479,0.97
4480,0.0
4481,0.06
4482,0.98
4483,0.95
4484,0.99
4485,0.0
4486,0.03
4487,0.98
4488,0.98
4489,0.03
4490,0.02
4491,0.04
4492,0.03
4493,0.02
4494,0.98
4495,0.09
4496,0.03
4497,0.05
4498,0.0
4499,0.0
4500,0.0
4501,0.96
4502,0.08
4503,0.91
4504,0.94
4505,0.97
4506,0.99
4507,1.0
4508,0.94
4509,0.95
4510,0.0
4511,0.95
4512,0.09
4513,0.06
4514,0.0
4515,0.0
4516,0.43
4517,0.99
4518,0.94
4519,0.0
4520,0.99
4521,0.01
4522,0.04
4523,0.0
4524,0.92
4525,0.0
4526,0.08
4527,0.99
4528,1.0
4529,0.94
4530,1.0
4531,0.05
4532,0.98
4533,0.01
4534,0.0
4535,0.01
4536,0.0
4537,0.97
4538,0.17
4539,0.01
4540,0.02
4541,1.0
4542,0.94
4543,0.04
4544,0.95
4545,0.97
4546,0.01
4547,0.95
4548,0.03
4549,0.01
4550,0.0
4551,0.0
4552,0.97
4553,0.94
4554,0.02
4555,0.99
4556,0.0
4557,0.91
4558,0.0
4559,0.97
4560,0.05
4561,0.94
4562,0.99
4563,0.85
4564,0.98
4565,0.0
4566,0.94
4567,1.0
4568,0.97
4569,0.0
4570,0.97
4571,0.98
4572,0.97
4573,0.98
4574,0.97
4575,0.98
4576,0.13
4577,0.96
4578,0.99
4579,0.99
4580,0.96
4581,0.0
4582,0.96
4583,0.0
4584,0.96
4585,0.99
4586,0.04
4587,0.99
4588,0.96
4589,0.95
4590,0.01
4591,0.97
4592,0.92
4593,0.97
4594,0.97
4595,0.98
4596,0.02
4597,0.99
4598,0.0
4599,0.02
4600,0.98
4601,0.04
4602,0.13
4603,0.05
4604,0.01
4605,0.03
4606,0.98
4607,0.0
4608,0.94
4609,0.0
4610,0.9
4611,0.01
4612,0.99
4613,0.95
4614,0.01
4615,0.0
4616,1.0
4617,0.92
4618,0.05
4619,0.03
4620,0.95
4621,0.0
4622,0.0
4623,0.0
4624,0.95
4625,1.0
4626,0.99
4627,0.99
4628,0.04
4629,0.93
4630,0.0
4631,0.92
4632,0.0
4633,0.95
4634,0.96
4635,0.0
4636,0.98
4637,0.97
4638,0.97
4639,0.02
4640,0.97
4641,0.96
4642,0.01
4643,0.98
4644,0.88
4645,0.98
4646,0.0
4647,0.92
4648,0.01
4649,0.02
4650,0.96
4651,0.97
4652,0.01
4653,0.28
4654,0.0
4655,0.94
4656,0.0
4657,0.0
4658,0.96
4659,0.07
4660,0.0
4661,0.0
4662,0.01
4663,0.96
4664,0.08
4665,0.01
4666,0.91
4667,0.06
4668,0.99
4669,0.0
4670,0.97
4671,0.99
4672,0.91
4673,0.98
4674,0.07
4675,0.85
4676,0.0
4677,0.98
4678,0.94
4679,0.96
4680,0.04
4681,0.95
4682,0.02
4683,0.15
4684,0.04
4685,0.07
4686,0.96
4687,0.93
4688,0.0
4689,0.95
4690,0.05
4691,0.97
4692,0.0
4693,0.96
4694,0.01
4695,0.98
4696,0.99
4697,0.1
4698,0.96
4699,0.93
4700,0.04
4701,0.0
4702,0.85
4703,0.0
4704,0.0
4705,0.0
4706,0.93
4707,0.97
4708,0.98
4709,0.91
4710,0.0
4711,0.0
4712,0.0
4713,0.04
4714,0.0
4715,0.05
4716,0.0
4717,0.02
4718,0.99
4719,0.0
4720,0.03
4721,0.98
4722,0.96
4723,0.01
4724,0.96
4725,0.03
4726,0.99
4727,0.02
4728,0.0
4729,0.97
4730,0.97
4731,0.0
4732,0.97
4733,0.0
4734,0.04
4735,0.0
4736,0.97
4737,0.97
4738,0.0
4739,0.04
4740,0.95
4741,0.03
4742,0.0
4743,0.96
4744,0.92
4745,0.04
4746,0.98
4747,0.0
4748,0.95
4749,0.0
4750,0.0
4751,0.0
4752,0.0
4753,0.98
4754,0.94
4755,0.03
4756,0.02
4757,0.01
4758,0.13
4759,0.08
4760,0.01
4761,0.98
4762,0.95
4763,0.88
4764,0.95
4765,0.01
4766,0.95
4767,1.0
4768,0.98
4769,0.96
4770,0.95
4771,0.01
4772,0.96
4773,0.0
4774,0.96
4775,0.95
4776,0.99
4777,0.04
4778,0.0
4779,0.03
4780,0.02
4781,0.07
4782,0.98
4783,0.04
4784,0.04
4785,0.95
4786,0.97
4787,0.97
4788,0.0
4789,0.97
4790,0.0
4791,0.96
4792,0.02
4793,0.01
4794,0.99
4795,0.04
4796,0.0
4797,0.18
4798,0.99
4799,0.0
4800,0.01
4801,0.02
4802,0.94
4803,0.0
4804,0.89
4805,0.01
4806,0.06
4807,1.0
4808,0.99
4809,0.98
4810,0.97
4811,0.0
4812,0.96
4813,0.01
4814,0.95
4815,0.01
4816,0.93
4817,0.02
4818,0.01
4819,0.03
4820,0.0
4821,0.0
4822,0.01
4823,0.99
4824,0.0
4825,0.95
4826,0.05
4827,0.0
4828,0.95
4829,0.13
4830,0.96
4831,0.96
4832,0.04
4833,0.03
4834,0.95
4835,0.0
4836,0.04
4837,0.0
4838,0.97
4839,0.02
4840,0.98
4841,0.99
4842,0.96
4843,0.0
4844,0.95
4845,0.04
4846,0.96
4847,0.04
4848,0.01
4849,0.97
4850,0.97
4851,0.95
4852,0.97
4853,0.0
4854,0.97
4855,0.98
4856,0.99
4857,0.96
4858,0.98
4859,0.08
4860,0.95
4861,0.99
4862,0.04
4863,0.02
4864,0.98
4865,0.99
4866,0.01
4867,0.02
4868,0.97
4869,0.03
4870,0.03
4871,0.99
4872,0.93
4873,0.01
4874,0.0
4875,0.97
4876,0.01
4877,0.02
4878,0.93
4879,1.0
4880,0.94
4881,0.06
4882,0.96
4883,0.91
4884,0.93
4885,0.95
4886,0.95
4887,0.99
4888,0.01
4889,0.97
4890,0.99
4891,0.99
4892,0.9
4893,0.0
4894,0.01
4895,0.02
4896,0.97
4897,0.0
4898,0.98
4899,0.91
4900,0.01
4901,0.0
4902,0.02
4903,0.97
4904,0.07
4905,0.95
4906,0.88
4907,0.99
4908,0.97
4909,1.0
4910,0.98
4911,0.0
4912,0.97
4913,0.05
4914,0.98
4915,0.96
4916,0.75
4917,0.0
4918,0.01
4919,0.98
4920,0.97
4921,0.94
4922,0.05
4923,0.98
4924,0.16
4925,0.05
4926,0.95
4927,1.0
4928,1.0
4929,0.78
4930,0.98
4931,0.98
4932,0.22
4933,0.96
4934,0.96
4935,0.98
4936,0.97
4937,0.82
4938,0.91
4939,0.01
4940,0.0
4941,0.1
4942,0.97
4943,0.03
4944,0.01
4945,0.99
4946,0.02
4947,0.97
4948,0.94
4949,1.0
4950,0.09
4951,0.05
4952,0.0
4953,0.97
4954,0.96
4955,0.94
4956,0.96
4957,0.99
4958,0.01
4959,0.19
4960,0.0
4961,0.97
4962,0.99
4963,0.97
4964,0.01
4965,0.94
4966,0.99
4967,0.96
4968,0.0
4969,0.31
4970,0.0
4971,0.94
4972,0.03
4973,0.91
4974,0.11
4975,0.02
4976,0.96
4977,0.03
4978,0.99
4979,0.98
4980,0.0
4981,0.99
4982,0.09
4983,0.96
4984,0.01
4985,0.97
4986,0.97
4987,0.97
4988,0.0
4989,0.95
4990,0.04
4991,0.21
4992,0.04
4993,0.97
4994,0.07
4995,1.0
4996,0.97
4997,0.96
4998,0.06
4999,0.94
5000,0.0
5001,0.01
5002,0.93
5003,0.99
5004,0.04
5005,0.95
5006,0.95
5007,0.0
5008,0.97
5009,0.0
5010,0.0
5011,0.02
5012,0.99
5013,0.03
5014,0.95
5015,0.97
5016,0.96
5017,0.0
5018,0.95
5019,0.95
5020,0.04
5021,0.0
5022,0.0
5023,0.03
5024,0.02
5025,0.95
5026,0.98
5027,0.96
5028,0.09
5029,0.95
5030,0.96
5031,0.14
5032,0.01
5033,1.0
5034,0.0
5035,0.04
5036,0.0
5037,0.11
5038,0.01
5039,0.94
5040,0.05
5041,0.02
5042,0.96
5043,0.0
5044,0.01
5045,1.0
5046,0.0
5047,0.0
5048,0.0
5049,0.98
5050,0.96
5051,0.0
5052,0.0
5053,0.13
5054,0.09
5055,0.97
5056,1.0
5057,0.05
5058,0.01
5059,0.0
5060,0.0
5061,0.02
5062,0.96
5063,0.08
5064,0.06
5065,0.98
5066,0.0
5067,0.96
5068,0.02
5069,0.0
5070,0.98
5071,0.26
5072,0.01
5073,0.94
5074,0.01
5075,0.98
5076,0.98
5077,0.0
5078,0.99
5079,0.99
5080,1.0
5081,0.0
5082,0.09
5083,0.97
5084,0.03
5085,0.06
5086,0.99
5087,0.01
5088,0.96
5089,0.0
5090,0.02
5091,0.0
5092,0.0
5093,0.01
5094,0.95
5095,0.09
5096,0.99
5097,0.0
5098,0.99
5099,0.09
5100,0.94
5101,0.9
5102,0.96
5103,0.97
5104,0.95
5105,0.01
5106,0.98
5107,0.0
5108,0.91
5109,0.0
5110,0.03
5111,0.98
5112,0.92
5113,0.0
5114,0.0
5115,0.0
5116,0.96
5117,0.99
5118,0.0
5119,0.93
5120,0.99
5121,0.98
5122,0.96
5123,0.05
5124,0.99
5125,0.95
5126,0.95
5127,0.21
5128,0.16
5129,0.95
5130,0.97
5131,0.99
5132,0.94
5133,0.93
5134,1.0
5135,0.29
5136,0.03
5137,0.01
5138,0.96
5139,0.96
5140,0.97
5141,0.96
5142,1.0
5143,0.98
5144,0.02
5145,0.08
5146,0.95
5147,0.17
5148,0.03
5149,0.95
5150,0.03
5151,0.0
5152,0.98
5153,0.0
5154,0.97
5155,0.99
5156,0.96
5157,0.02
5158,0.99
5159,0.88
5160,0.72
5161,0.04
5162,0.0
5163,0.0
5164,0.02
5165,0.06
5166,0.64
5167,0.93
5168,0.98
5169,0.0
5170,0.93
5171,0.03
5172,0.93
5173,0.98
5174,0.93
5175,0.08
5176,0.14
5177,0.95
5178,0.96
5179,0.98
5180,0.02
5181,0.06
5182,0.93
5183,0.0
5184,1.0
5185,0.01
5186,0.02
5187,0.99
5188,0.02
5189,0.08
5190,0.05
5191,0.99
5192,0.05
5193,0.01
5194,0.95
5195,0.95
5196,0.01
5197,0.0
5198,0.02
5199,0.95
5200,0.98
5201,0.17
5202,0.79
5203,0.98
5204,0.98
5205,0.98
5206,0.94
5207,0.62
5208,0.95
5209,0.96
5210,0.07
5211,0.01
5212,0.01
5213,0.98
5214,0.16
5215,0.0
5216,0.99
5217,0.97
5218,0.96
5219,0.98
5220,0.96
5221,1.0
5222,0.9
5223,1.0
5224,0.91
5225,0.98
5226,0.09
5227,0.88
5228,0.99
5229,0.06
5230,0.01
5231,0.94
5232,0.99
5233,0.97
5234,0.02
5235,0.99
5236,0.06
5237,0.23
5238,0.94
5239,0.0
5240,0.97
5241,0.0
5242,0.94
5243,0.97
5244,0.91
5245,0.95
5246,0.03
5247,0.95
5248,0.95
5249,0.95
5250,0.95
5251,0.99
5252,0.98
5253,0.01
5254,0.0
5255,0.97
5256,0.47
5257,0.03
5258,0.0
5259,0.0
5260,1.0
5261,0.02
5262,0.89
5263,0.0
5264,0.97
5265,0.01
5266,0.0
5267,0.98
5268,0.97
5269,1.0
5270,0.96
5271,0.0
5272,0.07
5273,0.05
5274,0.97
5275,0.03
5276,0.99
5277,0.1
5278,0.99
5279,0.92
5280,0.99
5281,0.04
5282,0.25
5283,0.1
5284,0.92
5285,0.96
5286,0.97
5287,0.97
5288,0.08
5289,1.0
5290,0.83
5291,0.98
5292,0.15
5293,0.92
5294,0.0
5295,0.94
5296,0.99
5297,0.96
5298,0.07
5299,0.96
5300,0.04
5301,0.97
5302,0.97
5303,0.98
5304,0.98
5305,0.96
5306,0.98
5307,0.97
5308,0.97
5309,0.0
5310,0.97
5311,0.04
5312,0.2
5313,0.0
5314,0.01
5315,0.02
5316,0.03
5317,0.93
5318,0.98
5319,0.0
5320,0.01
5321,0.96
5322,0.01
5323,0.63
5324,0.01
5325,0.93
5326,0.92
5327,0.02
5328,0.98
5329,0.99
5330,0.0
5331,0.98
5332,0.96
5333,0.9
5334,0.09
5335,0.0
5336,0.0
5337,0.0
5338,0.98
5339,1.0
5340,0.12
5341,0.95
5342,1.0
5343,0.0
5344,0.01
5345,0.68
5346,0.89
5347,0.02
5348,0.02
5349,0.99
5350,0.04
5351,0.14
5352,0.07
5353,0.98
5354,0.02
5355,0.92
5356,0.09
5357,0.99
5358,0.96
5359,0.99
5360,0.02
5361,0.08
5362,1.0
5363,1.0
5364,0.14
5365,0.01
5366,0.0
5367,0.97
5368,0.95
5369,0.97
5370,0.04
5371,0.03
5372,0.05
5373,0.0
5374,0.98
5375,0.05
5376,0.97
5377,0.98
5378,0.11
5379,0.98
5380,0.94
5381,0.0
5382,0.01
5383,0.91
5384,0.98
5385,1.0
5386,0.0
5387,0.0
5388,0.05
5389,1.0
5390,0.01
5391,0.91
5392,0.04
5393,0.97
5394,0.93
5395,1.0
5396,0.0
5397,0.95
5398,0.0
5399,0.97
5400,0.0
5401,0.02
5402,0.95
5403,0.0
5404,0.01
5405,0.99
5406,0.0
5407,0.95
5408,0.99
5409,0.96
5410,0.0
5411,0.05
5412,0.96
5413,0.99
5414,1.0
5415,0.95
5416,0.0
5417,0.94
5418,0.35
5419,0.0
5420,0.02
5421,0.99
5422,0.01
5423,0.0
5424,0.94
5425,0.02
5426,0.11
5427,0.01
5428,0.98
5429,0.0
5430,0.15
5431,0.98
5432,0.01
5433,0.0
5434,0.97
5435,0.98
5436,0.99
5437,0.9
5438,0.98
5439,0.0
5440,0.94
5441,0.0
5442,0.02
5443,1.0
5444,0.0
5445,0.96
5446,0.97
5447,0.96
5448,0.06
5449,0.0
5450,0.03
5451,0.97
5452,0.98
5453,0.02
5454,0.02
5455,0.96
5456,0.03
5457,0.97
5458,0.05
5459,0.94
5460,0.97
5461,0.0
5462,0.0
5463,0.01
5464,0.0
5465,0.98
5466,0.95
5467,0.04
5468,0.99
5469,0.05
5470,0.0
5471,0.02
5472,0.0
5473,0.95
5474,0.0
5475,0.01
5476,0.02
5477,0.99
5478,0.04
5479,0.99
5480,0.02
5481,0.08
5482,0.0
5483,0.98
5484,0.97
5485,0.98
5486,0.94
5487,0.0
5488,0.97
5489,0.97
5490,0.07
5491,0.04
5492,0.0
5493,0.15
5494,0.04
5495,0.01
5496,0.03
5497,0.96
5498,0.97
5499,0.0
5500,0.93
5501,0.0
5502,0.92
5503,0.99
5504,0.03
5505,0.0
5506,0.96
5507,0.97
5508,0.01
5509,0.95
5510,0.98
5511,0.0
5512,0.95
5513,0.96
5514,0.95
5515,0.01
5516,0.01
5517,0.0
5518,0.94
5519,0.94
5520,0.96
5521,0.07
5522,0.01
5523,0.04
5524,0.03
5525,0.97
5526,0.99
5527,0.92
5528,0.99
5529,0.92
5530,0.02
5531,0.99
5532,0.03
5533,0.01
5534,0.0
5535,0.94
5536,0.98
5537,0.94
5538,0.98
5539,0.97
5540,0.01
5541,0.02
5542,0.93
5543,0.06
5544,0.04
5545,0.04
5546,0.01
5547,0.08
5548,0.0
5549,0.95
5550,0.96
5551,0.01
5552,1.0
5553,1.0
5554,0.99
5555,0.97
5556,1.0
5557,0.0
5558,0.08
5559,0.99
5560,0.0
5561,0.98
5562,0.0
5563,0.0
5564,0.15
5565,0.98
5566,0.98
5567,0.96
5568,0.91
5569,0.03
5570,0.96
5571,1.0
5572,0.99
5573,0.0
5574,0.96
5575,0.96
5576,0.94
5577,0.9
5578,1.0
5579,0.93
5580,0.02
5581,0.98
5582,0.98
5583,0.0
5584,0.01
5585,0.04
5586,0.98
5587,0.0
5588,0.95
5589,0.1
5590,0.95
5591,0.0
5592,0.01
5593,1.0
5594,0.97
5595,0.01
5596,0.0
5597,0.01
5598,0.0
5599,0.99
5600,0.98
5601,0.03
5602,0.03
5603,0.95
5604,0.93
5605,0.97
5606,0.02
5607,0.0
5608,0.0
5609,0.0
5610,0.02
5611,0.94
5612,0.02
5613,0.96
5614,0.97
5615,0.96
5616,0.04
5617,0.02
5618,0.05
5619,0.0
5620,0.04
5621,0.0
5622,0.98
5623,0.98
5624,0.01
5625,0.08
5626,0.96
5627,0.05
5628,0.0
5629,0.0
5630,0.96
5631,0.97
5632,0.07
5633,0.01
5634,0.0
5635,0.0
5636,0.98
5637,0.0
5638,0.01
5639,0.0
5640,0.98
5641,0.98
5642,0.01
5643,0.1
5644,0.99
5645,0.02
5646,0.95
5647,0.01
5648,0.0
5649,0.02
5650,0.98
5651,0.98
5652,0.93
5653,1.0
5654,0.99
5655,0.01
5656,0.06
5657,0.97
5658,0.97
5659,1.0
5660,0.0
5661,0.95
5662,0.02
5663,0.15
5664,0.03
5665,1.0
5666,0.0
5667,0.19
5668,0.94
5669,0.01
5670,0.94
5671,0.02
5672,0.98
5673,0.0
5674,0.99
5675,0.0
5676,0.98
5677,0.02
5678,0.98
5679,0.03
5680,0.99
5681,0.05
5682,0.96
5683,0.04
5684,0.98
5685,0.95
5686,1.0
5687,0.96
5688,0.95
5689,1.0
5690,0.01
5691,0.01
5692,0.99
5693,1.0
5694,0.0
5695,0.98
5696,0.02
5697,0.98
5698,0.95
5699,0.06
5700,0.06
5701,0.01
5702,0.98
5703,0.99
5704,0.0
5705,0.07
5706,0.97
5707,0.97
5708,0.97
5709,0.98
5710,0.97
5711,0.97
5712,0.01
5713,0.03
5714,0.03
5715,0.0
5716,0.96
5717,0.93
5718,0.94
5719,0.0
5720,0.03
5721,0.96
5722,0.0
5723,0.01
5724,0.0
5725,0.96
5726,0.0
5727,0.95
5728,0.0
5729,0.98
5730,0.98
5731,0.92
5732,0.0
5733,0.96
5734,0.0
5735,0.09
5736,0.97
5737,0.99
5738,0.95
5739,0.01
5740,0.0
5741,0.22
5742,0.91
5743,0.96
5744,0.0
5745,0.96
5746,0.98
5747,0.98
5748,0.0
5749,0.98
5750,0.97
5751,0.07
5752,0.26
5753,0.99
5754,0.0
5755,0.94
5756,0.99
5757,0.98
5758,0.12
5759,0.97
5760,0.97
5761,0.95
5762,1.0
5763,0.0
5764,0.03
5765,0.0
5766,0.01
5767,0.09
5768,0.03
5769,0.01
5770,0.96
5771,0.0
5772,0.98
5773,0.01
5774,0.02
5775,0.97
5776,0.01
5777,0.0
5778,0.05
5779,0.92
5780,0.98
5781,0.94
5782,0.01
5783,0.04
5784,0.99
5785,0.98
5786,0.98
5787,0.94
5788,1.0
5789,0.96
5790,0.93
5791,0.99
5792,0.01
5793,0.98
5794,0.97
5795,0.92
5796,0.93
5797,0.99
5798,0.97
5799,0.03
5800,0.14
5801,0.99
5802,0.91
5803,0.98
5804,0.97
5805,0.97
5806,0.0
5807,0.18
5808,0.0
5809,0.02
5810,0.99
5811,0.02
5812,0.95
5813,0.5
5814,0.21
5815,0.99
5816,0.09
5817,0.04
5818,0.0
5819,0.97
5820,0.97
5821,0.08
5822,0.94
5823,0.03
5824,0.96
5825,0.0
5826,0.96
5827,0.96
5828,0.05
5829,0.99
5830,0.0
5831,0.94
5832,0.97
5833,0.95
5834,0.96
5835,0.0
5836,0.96
5837,0.01
5838,0.01
5839,0.01
5840,0.97
5841,0.0
5842,0.9
5843,0.0
5844,0.98
5845,0.99
5846,0.0
5847,0.04
5848,0.99
5849,0.0
5850,0.0
5851,0.0
5852,0.01
5853,0.03
5854,0.01
5855,0.0
5856,0.97
5857,0.05
5858,0.98
5859,0.98
5860,0.0
5861,0.0
5862,0.99
5863,0.94
5864,0.01
5865,0.96
5866,0.12
5867,0.96
5868,0.01
5869,0.0
5870,0.97
5871,0.03
5872,0.96
5873,0.96
5874,0.98
5875,0.01
5876,0.98
5877,0.95
5878,0.0
5879,0.07
5880,0.98
5881,0.98
5882,0.0
5883,0.0
5884,0.05
5885,0.12
5886,0.97
5887,0.0
5888,0.99
5889,0.0
5890,0.01
5891,0.98
5892,0.92
5893,0.97
5894,0.05
5895,0.93
5896,0.07
5897,0.0
5898,0.0
5899,0.0
5900,0.0
5901,0.08
5902,0.9
5903,0.0
5904,0.01
5905,0.96
5906,0.03
5907,0.98
5908,0.01
5909,0.03
5910,0.0
5911,0.08
5912,0.97
5913,0.95
5914,0.02
5915,0.99
5916,0.02
5917,0.02
5918,0.98
5919,0.02
5920,0.08
5921,0.99
5922,0.01
5923,0.01
5924,0.0
5925,0.01
5926,0.01
5927,0.01
5928,0.98
5929,0.04
5930,0.78
5931,0.0
5932,0.66
5933,0.01
5934,0.99
5935,0.99
5936,0.01
5937,0.02
5938,0.97
5939,0.03
5940,0.92
5941,0.99
5942,1.0
5943,0.17
5944,0.0
5945,0.98
5946,0.02
5947,0.0
5948,1.0
5949,0.04
5950,0.01
5951,0.98
5952,0.02
5953,0.91
5954,0.15
5955,0.97
5956,0.97
5957,0.97
5958,0.98
5959,1.0
5960,0.03
5961,1.0
5962,0.01
5963,0.96
5964,0.01
5965,0.96
5966,0.96
5967,0.98
5968,0.0
5969,0.96
5970,1.0
5971,0.02
5972,0.17
5973,0.0
5974,0.02
5975,0.01
5976,0.0
5977,0.96
5978,0.0
5979,0.96
5980,0.98
5981,0.03
5982,0.95
5983,0.96
5984,0.02
5985,0.0
5986,0.1
5987,0.98
5988,0.0
5989,0.0
5990,0.99
5991,0.08
5992,0.15
5993,0.98
5994,0.97
5995,0.02
5996,0.0
5997,0.02
5998,0.0
5999,0.0
6000,0.95
6001,0.01
6002,0.93
6003,0.97
6004,0.02
6005,0.07
6006,0.98
6007,0.98
6008,0.94
6009,0.0
6010,0.98
6011,0.95
6012,0.05
6013,0.99
6014,0.03
6015,0.93
6016,0.97
6017,0.96
6018,0.96
6019,0.97
6020,0.97
6021,0.95
6022,0.99
6023,1.0
6024,0.97
6025,0.94
6026,0.06
6027,0.98
6028,0.01
6029,0.0
6030,0.0
6031,0.94
6032,0.95
6033,0.0
6034,0.19
6035,0.01
6036,0.08
6037,0.97
6038,0.98
6039,0.96
6040,0.0
6041,0.07
6042,0.95
6043,0.04
6044,0.02
6045,0.01
6046,0.97
6047,0.98
6048,0.01
6049,0.98
6050,0.0
6051,0.98
6052,0.0
6053,0.95
6054,0.95
6055,0.03
6056,0.04
6057,0.07
6058,0.01
6059,0.96
6060,0.01
6061,0.01
6062,0.0
6063,0.03
6064,0.0
6065,0.02
6066,0.95
6067,0.98
6068,0.98
6069,0.93
6070,0.02
6071,0.06
6072,0.89
6073,0.94
6074,0.94
6075,0.09
6076,0.0
6077,0.0
6078,0.91
6079,1.0
6080,0.97
6081,0.03
6082,0.86
6083,0.98
6084,0.98
6085,0.0
6086,0.01
6087,0.0
6088,0.95
6089,0.04
6090,0.93
6091,0.0
6092,0.06
6093,0.99
6094,0.03
6095,0.02
6096,0.96
6097,0.96
6098,0.0
6099,0.01
6100,0.95
6101,0.03
6102,0.06
6103,0.06
6104,0.97
6105,0.03
6106,0.99
6107,0.91
6108,0.58
6109,0.0
6110,0.15
6111,0.95
6112,0.96
6113,0.98
6114,0.97
6115,0.01
6116,0.94
6117,0.96
6118,0.01
6119,0.01
6120,0.95
6121,0.0
6122,0.08
6123,0.01
6124,0.0
6125,0.01
6126,0.0
6127,0.01
6128,0.97
6129,0.99
6130,1.0
6131,0.99
6132,0.0
6133,0.0
6134,0.9
6135,0.97
6136,0.08
6137,0.27
6138,0.02
6139,0.04
6140,0.99
6141,0.01
6142,0.9
6143,0.0
6144,0.0
6145,0.97
6146,0.94
6147,0.94
6148,0.9
6149,1.0
6150,0.96
6151,0.01
6152,0.04
6153,0.99
6154,0.98
6155,0.94
6156,0.94
6157,1.0
6158,0.1
6159,0.01
6160,0.99
6161,0.0
6162,0.99
6163,0.97
6164,0.98
6165,0.99
6166,0.97
6167,0.98
6168,0.01
6169,0.97
6170,0.0
6171,0.94
6172,0.06
6173,0.03
6174,0.98
6175,0.02
6176,0.97
6177,0.96
6178,0.96
6179,0.96
6180,0.0
6181,0.98
6182,0.03
6183,0.88
6184,0.0
6185,0.05
6186,0.0
6187,0.03
6188,0.96
6189,0.02
6190,0.02
6191,0.96
6192,0.03
6193,0.98
6194,0.0
6195,0.97
6196,0.01
6197,0.98
6198,0.01
6199,0.98
6200,0.01
6201,0.95
6202,0.0
6203,0.0
6204,0.06
6205,0.0
6206,0.99
6207,0.01
6208,0.97
6209,1.0
6210,0.01
6211,0.0
6212,0.99
6213,0.02
6214,0.04
6215,0.0
6216,0.0
6217,0.96
6218,0.97
6219,0.96
6220,0.92
6221,0.96
6222,0.92
6223,0.04
6224,0.01
6225,0.95
6226,0.95
6227,0.0
6228,0.28
6229,0.07
6230,0.05
6231,0.96
6232,0.94
6233,0.97
6234,0.0
6235,0.0
6236,0.97
6237,0.9
6238,0.06
6239,0.96
6240,0.01
6241,0.0
6242,0.97
6243,0.16
6244,0.91
6245,0.98
6246,0.11
6247,0.05
6248,0.0
6249,0.98
6250,0.0
6251,0.98
6252,0.0
6253,0.98
6254,0.91
6255,0.9
6256,0.01
6257,0.92
6258,0.02
6259,0.06
6260,0.02
6261,0.99
6262,0.0
6263,0.97
6264,0.02
6265,0.98
6266,0.97
6267,0.94
6268,0.97
6269,0.0
6270,0.12
6271,0.0
6272,0.98
6273,0.97
6274,0.98
6275,0.95
6276,0.0
6277,0.01
6278,0.11
6279,0.98
6280,0.05
6281,0.02
6282,0.96
6283,0.01
6284,0.02
6285,0.91
6286,0.96
6287,0.0
6288,0.9
6289,0.0
6290,0.95
6291,0.01
6292,0.0
6293,0.01
6294,0.93
6295,0.02
6296,0.03
6297,0.0
6298,0.93
6299,0.98
6300,0.02
6301,0.09
6302,0.93
6303,0.97
6304,0.02
6305,0.96
6306,1.0
6307,0.99
6308,0.01
6309,0.09
6310,0.97
6311,0.04
6312,0.11
6313,0.9
6314,0.0
6315,0.97
6316,0.02
6317,0.0
6318,0.0
6319,0.01
6320,0.98
6321,0.0
6322,0.02
6323,0.03
6324,0.01
6325,0.0
6326,0.06
6327,0.98
6328,0.04
6329,0.97
6330,0.96
6331,0.92
6332,0.97
6333,0.01
6334,0.01
6335,0.95
6336,0.04
6337,0.08
6338,0.07
6339,0.95
6340,0.98
6341,0.0
6342,0.07
6343,0.04
6344,0.96
6345,0.98
6346,0.03
6347,0.0
6348,0.98
6349,0.99
6350,0.07
6351,0.02
6352,0.0
6353,0.97
6354,0.04
6355,0.93
6356,0.88
6357,0.98
6358,0.98
6359,0.09
6360,0.02
6361,0.94
6362,0.0
6363,0.91
6364,0.03
6365,0.94
6366,0.95
6367,0.99
6368,0.08
6369,0.99
6370,0.03
6371,0.01
6372,0.02
6373,0.0
6374,0.95
6375,0.0
6376,0.95
6377,0.01
6378,0.13
6379,0.92
6380,0.96
6381,0.92
6382,0.0
6383,0.98
6384,0.97
6385,0.9
6386,0.98
6387,0.96
6388,0.9
6389,0.01
6390,0.96
6391,0.0
6392,0.0
6393,0.0
6394,0.01
6395,0.96
6396,0.02
6397,0.96
6398,0.96
6399,0.96
6400,0.95
6401,0.12
6402,0.99
6403,0.96
6404,0.97
6405,0.0
6406,0.92
6407,0.01
6408,0.0
6409,0.95
6410,0.0
6411,0.91
6412,0.96
6413,0.12
6414,0.04
6415,0.0
6416,0.05
6417,0.02
6418,0.0
6419,0.01
6420,0.99
6421,0.0
6422,0.0
6423,0.96
6424,0.96
6425,0.97
6426,0.03
6427,0.09
6428,0.97
6429,0.0
6430,0.96
6431,0.0
6432,0.98
6433,0.0
6434,0.0
6435,0.0
6436,0.0
6437,0.02
6438,0.03
6439,0.98
6440,0.03
6441,0.92
6442,0.07
6443,0.0
6444,0.02
6445,0.0
6446,1.0
6447,0.03
6448,0.0
6449,0.92
6450,0.03
6451,0.0
6452,0.97
6453,0.07
6454,0.0
6455,0.98
6456,0.0
6457,0.0
6458,0.01
6459,1.0
6460,0.98
6461,1.0
6462,0.02
6463,0.0
6464,0.0
6465,0.86
6466,0.97
6467,0.0
6468,0.08
6469,0.01
6470,0.2
6471,0.06
6472,0.0
6473,0.0
6474,0.99
6475,0.01
6476,0.01
6477,0.04
6478,0.97
6479,0.97
6480,0.02
6481,0.0
6482,0.91
6483,0.0
6484,0.0
6485,0.94
6486,0.99
6487,0.89
6488,0.02
6489,0.01
6490,0.98
6491,0.04
6492,0.98
6493,0.96
6494,0.97
6495,0.95
6496,0.16
6497,0.0
6498,0.97
6499,0.04
6500,0.02
6501,0.93
6502,0.97
6503,0.97
6504,0.1
6505,0.0
6506,0.01
6507,0.92
6508,0.07
6509,0.97
6510,0.01
6511,0.96
6512,0.13
6513,0.99
6514,0.0
6515,0.94
6516,0.0
6517,0.05
6518,0.99
6519,0.0
6520,0.98
6521,0.0
6522,0.97
6523,0.99
6524,0.96
6525,1.0
6526,0.98
6527,0.03
6528,0.0
6529,0.99
6530,0.0
6531,0.01
6532,0.0
6533,0.0
6534,0.0
6535,0.93
6536,0.07
6537,0.98
6538,0.0
6539,0.02
6540,0.99
6541,0.0
6542,0.94
6543,0.96
6544,0.0
6545,0.01
6546,0.95
6547,0.97
6548,0.02
6549,0.94
6550,0.95
6551,0.0
6552,0.03
6553,0.01
6554,0.99
6555,0.98
6556,0.97
6557,0.01
6558,0.05
6559,0.99
6560,0.01
6561,0.8
6562,0.98
6563,0.95
6564,0.11
6565,0.01
6566,0.0
6567,0.01
6568,0.03
6569,0.96
6570,0.99
6571,0.0
6572,0.96
6573,0.19
6574,0.98
6575,0.97
6576,0.94
6577,0.99
6578,0.02
6579,0.97
6580,0.98
6581,0.94
6582,0.97
6583,0.97
6584,0.98
6585,0.0
6586,0.01
6587,0.97
6588,0.99
6589,0.0
6590,0.02
6591,0.03
6592,0.11
6593,0.94
6594,0.69
6595,0.18
6596,0.0
6597,0.98
6598,0.05
6599,0.98
6600,0.05
6601,0.01
6602,0.0
6603,0.07
6604,0.97
6605,0.97
6606,0.98
6607,0.99
6608,0.0
6609,0.04
6610,0.96
6611,1.0
6612,0.95
6613,0.93
6614,0.05
6615,0.05
6616,0.96
6617,0.98
6618,0.0
6619,0.0
6620,0.88
6621,0.23
6622,0.0
6623,0.04
6624,0.05
6625,0.96
6626,0.96
6627,0.05
6628,0.99
6629,0.98
6630,0.99
6631,0.0
6632,0.05
6633,0.92
6634,1.0
6635,0.0
6636,0.0
6637,0.97
6638,0.95
6639,0.02
6640,0.98
6641,0.99
6642,0.99
6643,0.02
6644,0.97
6645,0.99
6646,0.02
6647,0.99
6648,0.87
6649,0.97
6650,0.96
6651,0.97
6652,0.0
6653,0.01
6654,0.2
6655,0.97
6656,0.93
6657,0.0
6658,0.01
6659,0.92
6660,0.04
6661,0.97
6662,0.04
6663,0.95
6664,0.94
6665,0.97
6666,0.0
6667,0.02
6668,0.99
6669,1.0
6670,0.02
6671,0.96
6672,0.95
6673,1.0
6674,0.97
6675,0.98
6676,0.05
6677,0.98
6678,0.95
6679,0.0
6680,0.03
6681,0.03
6682,0.03
6683,0.99
6684,0.97
6685,0.02
6686,0.05
6687,0.96
6688,0.17
6689,0.96
6690,0.97
6691,0.03
6692,0.98
6693,0.0
6694,0.0
6695,0.92
6696,0.02
6697,0.95
6698,0.06
6699,0.05
6700,0.0
6701,0.93
6702,0.05
6703,0.93
6704,0.01
6705,0.96
6706,0.97
6707,0.0
6708,0.01
6709,0.0
6710,0.97
6711,0.94
6712,0.98
6713,0.01
6714,0.95
6715,0.98
6716,0.0
6717,0.0
6718,0.0
6719,0.06
6720,0.99
6721,0.01
6722,0.04
6723,0.97
6724,0.03
6725,0.91
6726,0.94
6727,0.12
6728,0.01
6729,0.0
6730,0.94
6731,0.0
6732,0.02
6733,0.99
6734,0.06
6735,0.0
6736,0.02
6737,0.98
6738,0.99
6739,0.96
6740,0.99
6741,0.02
6742,0.98
6743,0.01
6744,0.04
6745,0.95
6746,0.98
6747,0.94
6748,0.94
6749,0.03
6750,0.94
6751,0.0
6752,0.14
6753,0.01
6754,0.96
6755,0.95
6756,0.0
6757,0.98
6758,0.03
6759,0.0
6760,0.06
6761,0.98
6762,0.0
6763,0.99
6764,0.98
6765,0.02
6766,0.0
6767,0.93
6768,0.0
6769,0.96
6770,0.15
6771,0.0
6772,0.93
6773,0.98
6774,0.98
6775,0.94
6776,0.01
6777,0.0
6778,0.97
6779,0.0
6780,0.95
6781,0.04
6782,0.09
6783,0.95
6784,1.0
6785,0.92
6786,0.93
6787,0.95
6788,0.96
6789,0.03
6790,0.01
6791,0.02
6792,0.0
6793,0.0
6794,0.07
6795,0.02
6796,0.05
6797,0.94
6798,0.93
6799,0.98
6800,0.94
6801,0.97
6802,0.93
6803,0.07
6804,0.06
6805,0.96
6806,0.0
6807,0.95
6808,0.97
6809,0.0
6810,0.98
6811,0.89
6812,0.01
6813,0.99
6814,0.01
6815,0.94
6816,0.14
6817,0.99
6818,0.17
6819,0.04
6820,0.02
6821,0.0
6822,0.04
6823,0.03
6824,0.98
6825,0.01
6826,0.98
6827,1.0
6828,0.98
6829,0.9
6830,0.94
6831,0.95
6832,0.95
6833,0.03
6834,0.0
6835,0.98
6836,0.99
6837,0.0
6838,0.87
6839,0.95
6840,0.0
6841,1.0
6842,0.98
6843,0.01
6844,0.03
6845,0.0
6846,0.0
6847,0.97
6848,0.0
6849,0.99
6850,0.98
6851,0.01
6852,0.02
6853,0.98
6854,0.05
6855,0.97
6856,0.02
6857,0.97
6858,0.99
6859,0.0
6860,0.05
6861,0.03
6862,0.02
6863,0.95
6864,0.95
6865,0.25
6866,0.02
6867,0.99
6868,0.13
6869,0.01
6870,0.06
6871,0.97
6872,0.99
6873,0.03
6874,0.98
6875,0.97
6876,0.99
6877,0.05
6878,0.1
6879,0.01
6880,0.94
6881,0.08
6882,0.01
6883,0.79
6884,0.98
6885,0.95
6886,0.96
6887,0.01
6888,0.91
6889,0.99
6890,0.0
6891,0.89
6892,0.96
6893,0.71
6894,0.93
6895,0.01
6896,0.98
6897,0.02
6898,1.0
6899,0.03
6900,0.94
6901,0.02
6902,0.03
6903,0.05
6904,0.98
6905,0.01
6906,0.04
6907,0.99
6908,0.0
6909,0.99
6910,0.02
6911,0.03
6912,0.98
6913,0.97
6914,0.0
6915,0.01
6916,0.98
6917,0.98
6918,0.96
6919,0.99
6920,0.04
6921,0.94
6922,0.89
6923,0.03
6924,0.38
6925,0.89
6926,0.03
6927,0.92
6928,0.92
6929,0.03
6930,0.02
6931,0.04
6932,0.0
6933,0.03
6934,0.0
6935,0.0
6936,0.0
6937,0.05
6938,0.03
6939,1.0
6940,0.94
6941,0.98
6942,0.95
6943,0.0
6944,0.02
6945,0.95
6946,0.7
6947,0.01
6948,0.96
6949,0.93
6950,0.99
6951,0.01
6952,0.97
6953,0.97
6954,0.94
6955,0.93
6956,0.01
6957,0.89
6958,0.02
6959,0.07
6960,0.0
6961,0.98
6962,0.0
6963,0.0
6964,0.09
6965,0.01
6966,0.0
6967,0.94
6968,0.93
6969,0.97
6970,0.97
6971,0.11
6972,0.02
6973,0.03
6974,0.03
6975,1.0
6976,0.87
6977,0.98
6978,0.01
6979,0.94
6980,0.0
6981,0.0
6982,0.03
6983,0.98
6984,0.07
6985,0.93
6986,0.0
6987,0.98
6988,0.99
6989,0.0
6990,0.0
6991,0.97
6992,0.37
6993,0.97
6994,0.92
6995,0.98
6996,0.95
6997,0.01
6998,0.0
6999,0.95
7000,0.0
7001,1.0
7002,0.05
7003,0.04
7004,0.03
7005,0.95
7006,0.02
7007,0.02
7008,0.97
7009,0.02
7010,0.98
7011,0.01
7012,0.02
7013,0.97
7014,0.0
7015,0.97
7016,0.93
7017,0.05
7018,0.13
7019,0.93
7020,0.99
7021,0.99
7022,0.0
7023,0.93
7024,0.94
7025,0.03
7026,0.9
7027,0.04
7028,0.0
7029,0.98
7030,0.98
7031,0.98
7032,0.01
7033,0.93
7034,0.04
7035,0.87
7036,0.95
7037,0.97
7038,0.99
7039,0.01
7040,0.99
7041,0.11
7042,0.97
7043,0.02
7044,0.02
7045,0.95
7046,0.0
7047,0.0
7048,0.03
7049,0.0
7050,0.96
7051,0.01
7052,0.97
7053,0.95
7054,0.01
7055,0.0
7056,0.06
7057,0.0
7058,0.99
7059,0.96
7060,0.0
7061,0.98
7062,0.0
7063,0.0
7064,0.07
7065,0.99
7066,0.98
7067,0.04
7068,0.95
7069,0.01
7070,0.95
7071,0.0
7072,0.98
7073,0.07
7074,0.93
7075,0.96
7076,0.0
7077,0.96
7078,0.0
7079,0.04
7080,0.96
7081,0.0
7082,0.01
7083,0.96
7084,0.96
7085,0.98
7086,0.0
7087,0.94
7088,0.96
7089,0.0
7090,1.0
7091,0.02
7092,0.98
7093,0.95
7094,0.97
7095,0.01
7096,0.02
7097,0.06
7098,0.0
7099,0.96
7100,0.98
7101,0.94
7102,0.97
7103,0.0
7104,0.97
7105,0.96
7106,0.11
7107,1.0
7108,0.96
7109,0.0
7110,0.98
7111,0.96
7112,0.03
7113,0.0
7114,0.97
7115,0.0
7116,0.0
7117,0.07
7118,0.01
7119,0.93
7120,0.0
7121,0.96
7122,0.98
7123,0.98
7124,0.08
7125,1.0
7126,0.0
7127,0.95
7128,1.0
7129,0.02
7130,0.99
7131,0.12
7132,0.99
7133,0.21
7134,0.0
7135,0.01
7136,0.0
7137,0.0
7138,0.01
7139,0.01
7140,0.9
7141,0.79
7142,0.97
7143,0.01
7144,0.95
7145,0.96
7146,0.95
7147,0.0
7148,0.01
7149,0.99
7150,0.03
7151,0.0
7152,0.01
7153,0.97
7154,0.04
7155,0.31
7156,0.05
7157,0.99
7158,0.87
7159,0.08
7160,0.05
7161,0.02
7162,0.24
7163,0.99
7164,0.0
7165,0.98
7166,0.98
7167,0.09
7168,0.95
7169,0.06
7170,0.0
7171,0.1
7172,0.0
7173,0.05
7174,0.0
7175,0.02
7176,0.01
7177,0.02
7178,0.07
7179,0.02
7180,0.01
7181,0.95
7182,0.96
7183,0.88
7184,0.02
7185,0.96
7186,0.01
7187,0.08
7188,0.93
7189,1.0
7190,0.97
7191,0.98
7192,0.9
7193,0.04
7194,0.99
7195,0.05
7196,0.01
7197,0.0
7198,0.91
7199,0.02
7200,0.03
7201,0.96
7202,0.11
7203,0.99
7204,0.02
7205,0.98
7206,0.94
7207,0.02
7208,0.97
7209,0.94
7210,0.46
7211,0.01
7212,0.97
7213,0.99
7214,0.99
7215,0.01
7216,0.96
7217,0.02
7218,0.0
7219,0.01
7220,0.0
7221,0.02
7222,0.96
7223,0.93
7224,0.95
7225,0.98
7226,0.96
7227,0.96
7228,0.0
7229,0.01
7230,0.93
7231,0.96
7232,0.97
7233,0.03
7234,0.04
7235,0.94
7236,0.96
7237,0.0
7238,0.86
7239,0.09
7240,0.05
7241,0.97
7242,0.95
7243,1.0
7244,0.0
7245,0.01
7246,0.97
7247,0.99
7248,0.95
7249,0.98
7250,0.0
7251,0.95
7252,0.96
7253,0.92
7254,0.98
7255,0.99
7256,0.99
7257,0.93
7258,0.98
7259,0.99
7260,0.0
7261,0.01
7262,0.01
7263,0.98
7264,0.97
7265,0.04
7266,0.0
7267,0.98
7268,0.03
7269,0.47
7270,1.0
7271,0.98
7272,0.02
7273,0.92
7274,0.0
7275,0.97
7276,0.93
7277,0.92
7278,0.03
7279,0.01
7280,0.0
7281,0.08
7282,0.2
7283,0.95
7284,0.0
7285,0.97
7286,0.97
7287,0.0
7288,0.97
7289,0.08
7290,0.02
7291,0.0
7292,0.02
7293,0.95
7294,0.95
7295,1.0
7296,0.01
7297,0.0
7298,0.99
7299,0.0
7300,0.97
7301,0.02
7302,0.96
7303,0.95
7304,0.0
7305,0.94
7306,0.97
7307,0.97
7308,0.96
7309,0.27
7310,0.15
7311,0.1
7312,0.98
7313,0.0
7314,0.02
7315,0.98
7316,0.0
7317,0.96
7318,0.98
7319,0.0
7320,0.0
7321,0.0
7322,0.05
7323,0.07
7324,0.94
7325,0.93
7326,0.92
7327,0.0
7328,0.04
7329,0.0
7330,0.92
7331,0.97
7332,0.94
7333,0.96
7334,0.95
7335,0.02
7336,0.0
7337,0.0
7338,0.96
7339,0.97
7340,0.09
7341,0.24
7342,0.0
7343,0.97
7344,0.02
7345,0.01
7346,0.0
7347,0.96
7348,0.0
7349,1.0
7350,0.17
7351,0.04
7352,0.96
7353,0.98
7354,0.97
7355,0.99
7356,0.0
7357,0.03
7358,0.98
7359,0.98
7360,0.99
7361,0.0
7362,0.96
7363,0.93
7364,0.03
7365,0.13
7366,0.02
7367,0.89
7368,0.98
7369,0.98
7370,0.02
7371,0.1
7372,0.02
7373,0.99
7374,0.97
7375,0.03
7376,0.03
7377,0.99
7378,0.03
7379,0.98
7380,0.94
7381,0.98
7382,0.01
7383,0.94
7384,0.03
7385,0.04
7386,0.99
7387,0.02
7388,0.98
7389,0.05
7390,0.17
7391,0.0
7392,0.0
7393,1.0
7394,1.0
7395,0.01
7396,0.97
7397,0.0
7398,0.97
7399,0.0
7400,0.01
7401,0.99
7402,0.0
7403,0.94
7404,0.94
7405,0.98
7406,0.97
7407,1.0
7408,0.06
7409,0.71
7410,0.0
7411,0.0
7412,0.95
7413,0.95
7414,0.97
7415,0.92
7416,0.01
7417,0.02
7418,0.44
7419,0.96
7420,0.93
7421,0.97
7422,0.02
7423,0.02
7424,0.12
7425,0.0
7426,0.06
7427,0.0
7428,0.97
7429,0.97
7430,0.99
7431,0.03
7432,0.95
7433,0.04
7434,0.95
7435,0.92
7436,0.06
7437,0.97
7438,0.95
7439,0.94
7440,0.02
7441,0.13
7442,0.03
7443,0.98
7444,0.98
7445,0.17
7446,0.07
7447,0.03
7448,0.0
7449,0.98
7450,0.97
7451,0.91
7452,0.98
7453,0.0
7454,0.9
7455,0.1
7456,0.01
7457,0.97
7458,0.98
7459,0.07
7460,0.95
7461,0.0
7462,0.98
7463,0.03
7464,0.0
7465,1.0
7466,0.98
7467,0.98
7468,0.0
7469,0.07
7470,0.0
7471,1.0
7472,0.03
7473,0.86
7474,0.07
7475,0.02
7476,0.97
7477,0.92
7478,0.02
7479,0.07
7480,1.0
7481,0.98
7482,0.01
7483,0.98
7484,0.04
7485,0.92
7486,0.0
7487,0.61
7488,0.93
7489,0.07
7490,0.96
7491,0.02
7492,0.93
7493,0.96
7494,0.01
7495,0.01
7496,0.98
7497,0.0
7498,0.05
7499,0.08
7500,0.07
7501,0.03
7502,0.92
7503,0.98
7504,0.0
7505,0.01
7506,0.96
7507,0.96
7508,0.99
7509,0.97
7510,0.04
7511,0.0
7512,0.93
7513,0.97
7514,0.04
7515,0.99
7516,0.98
7517,0.98
7518,0.0
7519,0.97
7520,0.99
7521,0.98
7522,0.97
7523,0.95
7524,0.05
7525,0.89
7526,0.08
7527,0.98
7528,0.05
7529,0.92
7530,0.99
7531,0.96
7532,0.96
7533,0.02
7534,0.0
7535,0.94
7536,0.02
7537,0.03
7538,1.0
7539,0.93
7540,0.94
7541,0.05
7542,0.0
7543,0.01
7544,0.0
7545,0.97
7546,0.06
7547,0.91
7548,0.93
7549,0.97
